Conqueror,admin,789,admin,images/user/defaultPic.jpg,00-00-0000 00:00:00
Alexandra,alex,111,user,images/user/2023-10-07_1696674077068.png,10-10-2023 14:43:25
Natalie,nat,222,user,images/user/2023-10-07_1696674598369.jpg,09-10-2023 03:55:41
Meredith,mer,333,user,images/user/2023-10-07_1696675084123.png,08-10-2023 20:36:52
Saraphina,sara,444,user,images/user/2023-10-08_1696708239720.png,08-10-2023 02:50:23
Stevie,vivi,555,user,images/user/2023-10-08_1696708284241.png,08-10-2023 02:51:32
Sim Jaeyun,jake,1515,user,images/user/2023-10-08_1696738767030.JPG,09-10-2023 18:31:56
Yang Jungwon,jungwon,999,user,images/user/2023-10-08_1696738924631.jpeg,09-10-2023 18:32:31
Jasmine,jm,123,user,images/user/2023-10-08_1696739510107.png,09-10-2023 18:33:56
Bunny,bunbun,321,user,images/user/2023-10-08_1696740230305.png,09-10-2023 13:34:45
Bambi,bam,1010,user,images/user/2023-10-08_1696740285856.JPG,09-10-2023 21:57:15
Alcina,cina,666,user,images/user/2023-10-09_1696792885497.png,09-10-2023 02:21:35
Fiona,fina,777,user,images/user/2023-10-09_1696792933610.png,00-00-0000 00:00:00
Miranda,mira,888,user,images/user/2023-10-09_1696792979091.png,09-10-2023 02:33:33
Regina,gina,999,user,images/user/2023-10-09_1696793017065.png,09-10-2023 02:33:13
Catherine,cate,1010,user,images/user/2023-10-09_1696793074868.png,09-10-2023 03:55:53
Winter,winny,win,user,images/user/2023-10-09_1696826931555.PNG,09-10-2023 17:58:57
Nakamoto Yuta,yuu,1010,user,images/user/2023-10-09_1696827190142.JPG,09-10-2023 17:48:34
Lee Teayong,ty,127,user,images/user/2023-10-09_1696827626997.JPG,09-10-2023 14:14:10
Anya,any,123,user,images/user/2023-10-09_1696827684764.JPG,09-10-2023 14:13:12
Hi_Seulgi,kiki,123,user,images/user/2023-10-09_1696827755265.JPG,09-10-2023 14:12:08
Karina,kar,111,user,images/user/2023-10-09_1696833081166.jpg,09-10-2023 14:11:08
ChenleğŸ’–,lele,111,user,images/user/2023-10-09_1696833132633.JPG,09-10-2023 14:08:20
Elle,elly,123,user,images/user/2023-10-09_1696833762807.jpg,09-10-2023 14:09:07
IrenağŸŒ·,bae,123,user,images/user/2023-10-09_1696834068093.jpeg,09-10-2023 14:09:49
WendyğŸ,wen,123,user,images/user/2023-10-09_1696834162528.jpeg,09-10-2023 14:07:33
Lucy Lucy,lucy,1212,user,images/user/2023-10-09_1696830522100.jpg,09-10-2023 13:26:02
Nora,rara,248,user,images/user/2023-10-09_1696830821914.jpg,09-10-2023 13:29:05
Jane Jub,jane,115,user,images/user/2023-10-09_1696830995180.jpg,09-10-2023 13:35:35
Butter,bt,555,user,images/user/2023-10-09_1696831423485.jpg,09-10-2023 18:34:15
Sunghoon,hoon,812,user,images/user/2023-10-09_1696831600606.jpg,09-10-2023 13:32:00
Tom Riddle,tmr,111,user,images/user/2023-10-09_1696850692268.jpg,09-10-2023 19:37:07
Hero Fiennes Tiffin,hero,222,user,images/user/2023-10-09_1696850747667.png,09-10-2023 19:06:59
Tom Hughes,tom,333,user,images/user/2023-10-09_1696850804906.jpg,09-10-2023 19:07:22
Christian Coulson,cc,444,user,images/user/2023-10-09_1696850828398.jpg,09-10-2023 18:26:53
Lord Voldemort,vv,555,user,images/user/2023-10-09_1696850852161.jpg,09-10-2023 19:07:56
Maxence Danet-Fauvel,max,666,user,images/user/2023-10-09_1696850873300.jpg,09-10-2023 19:10:53
Gojo Satoru,ijo,777,user,images/user/2023-10-09_1696850898855.jpg,09-10-2023 19:28:43
Geto Suguru,geto,888,user,images/user/2023-10-09_1696850927291.jpg,09-10-2023 19:23:20
Okkotsu yuta,yuta,999,user,images/user/2023-10-09_1696850948998.jpg,09-10-2023 19:13:56
Hitman Reborn,reborn,000,user,images/user/2023-10-09_1696850973121.jpg,09-10-2023 19:17:01
