Vintage Winter Fashion Show,mer,-
Music together,mer,-
Music together,alex,-
Kpop Dance Jam,jake,-
Kpop Dance Jam,jungwon,-
Bread Marking Course,kiki,-
Jay Solo Concert in BKK,ty,-
Bread Marking Course,any,-
Jay Solo Concert in BKK,yuu,-
Pet Expo,bam,-
Kpop Dance Jam,rara,-
Kpop Dance Jam,hoon,-
Pet Expo,bt,-
Music together,wen,-
Kpop Dance Jam,lele,-
Bread Marking Course,lele,-
Bread Marking Course,elly,-
Music together,bae,-
Vintage Winter Fashion Show,bae,-
Kpop Dance Jam,bae,-
Jay Solo Concert in BKK,kar,-
Music together,kar,-
Vintage Winter Fashion Show,kiki,-
Pet Expo,kiki,-
Jay Solo Concert in BKK,any,-
Music together,any,-
Bread Marking Course,ty,-
Pet Expo,winny,-
Kpop Dance Jam,winny,-
Vintage Winter Fashion Show,yuu,-
National Book Fair,cc,-
National Book Fair,geto,-
Movie lover,tmr,-
Movie lover,ijo,-
Vintage Winter Fashion Show,hero,-
Music together,hero,-
National Book Fair,jake,-
Movie lover,jungwon,-
